{"cameraMode":{"drawMode":0,"name":"Shaded","section":"Shading Mode"},"sceneLighting":true,"audioPlay":false,"sceneViewState":{"showFog":true,"showMaterialUpdate":false,"showSkybox":true,"showFlares":true,"showImageEffects":true,"showParticleSystems":true},"in2DMode":false,"pivot":{"x":-16.162172317504884,"y":-7.55517578125,"z":21.84429168701172},"rotation":{"x":0.03375595808029175,"y":-0.8671770095825195,"z":0.059427760541439059,"w":0.49328798055648806},"size":176.44931030273438,"orthographic":true}